{
  "left_groups": [
    "LFI-NUPES",
    "LFI",
    "GDR-NUPES",
    "GDR",
    "SOC",
    "ECOLO",
    "ECOS"
  ],
  "right_groups": [
    "RN",
    "LR",
    "UDI",
    "UDDPLR"
  ],
  "majority_groups": [
    "RE",
    "DEM",
    "HOR"
  ],
  "swapped": false,
  "flipped_dim1": false,
  "flipped_dim2": true,
  "sep_dim1_before": 0.711003346676242,
  "sep_dim2_before": 0.5632742398009115,
  "corr_dim1_LR_before": 0.9296395148152975,
  "corr_dim2_LR_before": 0.7768732675840915,
  "corr_dim1_LR_after": 0.9296395148152975,
  "corr_dim2_LR_after": -0.7768732675840915,
  "before": {
    "n_left": 154,
    "n_right": 153,
    "left_mean_dim1": -0.5574021790870511,
    "right_mean_dim1": 0.15360116758919087,
    "left_mean_dim2": -0.08553946296255244,
    "right_mean_dim2": 0.4777347768383591,
    "sep_dim1": 0.711003346676242,
    "sep_dim2": 0.5632742398009115,
    "corr_dim1_LR": 0.9296395148152975,
    "corr_dim2_LR": 0.7768732675840915,
    "group_means": {
      "DEM": {
        "dim1": 0.3793809342160181,
        "dim2": -0.2221431827863437,
        "n": 54
      },
      "ECOLO": {
        "dim1": -0.4680926600410054,
        "dim2": -0.1440619648626585,
        "n": 23
      },
      "GDR-NUPES": {
        "dim1": -0.44827714807636426,
        "dim2": 0.0034152835205929176,
        "n": 24
      },
      "HOR": {
        "dim1": 0.3673683545501799,
        "dim2": -0.18836289573427406,
        "n": 32
      },
      "LFI-NUPES": {
        "dim1": -0.7159269462273612,
        "dim2": -0.08269968488286158,
        "n": 76
      },
      "LIOT": {
        "dim1": -0.031208049831521683,
        "dim2": -0.029028838680735563,
        "n": 21
      },
      "LR": {
        "dim1": 0.23735003083145131,
        "dim2": 0.11038690211555822,
        "n": 63
      },
      "RE": {
        "dim1": 0.4749796691166661,
        "dim2": -0.3295156067426678,
        "n": 180
      },
      "RN": {
        "dim1": 0.09497696331960859,
        "dim2": 0.7348782891443196,
        "n": 90
      },
      "SOC": {
        "dim1": -0.3195066106887282,
        "dim2": -0.11794976960608639,
        "n": 31
      }
    },
    "majority": [
      "RE",
      "DEM",
      "HOR"
    ],
    "n_majority": 266,
    "majority_mean_dim1": 0.44262668509124303,
    "majority_mean_dim2": -0.29073742010390796,
    "opposition_mean_dim1": -0.1920558719046391,
    "opposition_mean_dim2": 0.1808254205723793,
    "sep_majority_dim1": 0.6346825569958822,
    "sep_majority_dim2": 0.4715628406762873
  },
  "after": {
    "n_left": 154,
    "n_right": 153,
    "left_mean_dim1": -0.5574021790870511,
    "right_mean_dim1": 0.15360116758919087,
    "left_mean_dim2": 0.08553946296255244,
    "right_mean_dim2": -0.4777347768383591,
    "sep_dim1": 0.711003346676242,
    "sep_dim2": 0.5632742398009115,
    "corr_dim1_LR": 0.9296395148152975,
    "corr_dim2_LR": -0.7768732675840915,
    "group_means": {
      "DEM": {
        "dim1": 0.3793809342160181,
        "dim2": 0.2221431827863437,
        "n": 54
      },
      "ECOLO": {
        "dim1": -0.4680926600410054,
        "dim2": 0.1440619648626585,
        "n": 23
      },
      "GDR-NUPES": {
        "dim1": -0.44827714807636426,
        "dim2": -0.0034152835205929176,
        "n": 24
      },
      "HOR": {
        "dim1": 0.3673683545501799,
        "dim2": 0.18836289573427406,
        "n": 32
      },
      "LFI-NUPES": {
        "dim1": -0.7159269462273612,
        "dim2": 0.08269968488286158,
        "n": 76
      },
      "LIOT": {
        "dim1": -0.031208049831521683,
        "dim2": 0.029028838680735563,
        "n": 21
      },
      "LR": {
        "dim1": 0.23735003083145131,
        "dim2": -0.11038690211555822,
        "n": 63
      },
      "RE": {
        "dim1": 0.4749796691166661,
        "dim2": 0.3295156067426678,
        "n": 180
      },
      "RN": {
        "dim1": 0.09497696331960859,
        "dim2": -0.7348782891443196,
        "n": 90
      },
      "SOC": {
        "dim1": -0.3195066106887282,
        "dim2": 0.11794976960608639,
        "n": 31
      }
    },
    "majority": [
      "RE",
      "DEM",
      "HOR"
    ],
    "n_majority": 266,
    "majority_mean_dim1": 0.44262668509124303,
    "majority_mean_dim2": 0.29073742010390796,
    "opposition_mean_dim1": -0.1920558719046391,
    "opposition_mean_dim2": -0.1808254205723793,
    "sep_majority_dim1": 0.6346825569958822,
    "sep_majority_dim2": 0.4715628406762873
  },
  "legislature": "16",
  "source_file": "data/assemblee/outputs/l16/points_ideal_raw_pre_orient.csv",
  "radius": 0.9999999999999999
}