{
  "left_groups": [
    "LFI-NFP",
    "GDR",
    "SOC",
    "ECOS"
  ],
  "right_groups": [
    "RN",
    "DR",
    "UDDPLR",
    "UDR"
  ],
  "majority_groups": [
    "EPR",
    "DEM",
    "HOR"
  ],
  "swapped": 1,
  "flipped_dim1": 1,
  "flipped_dim2": 0,
  "sep_dim1_before": 0.12414401976314325,
  "sep_dim2_before": 1.2803707206978947,
  "corr_dim1_LR_before": 0.3326836278561558,
  "corr_dim2_LR_before": -0.9696428724389885,
  "corr_dim1_LR_after": 0.9696428724389885,
  "corr_dim2_LR_after": 0.3326836278561558,
  "before": {
    "n_left": 194,
    "n_right": 186,
    "left_mean_dim1": -0.10850634950091051,
    "right_mean_dim1": 0.015637670262232742,
    "left_mean_dim2": 0.656944044347336,
    "right_mean_dim2": -0.6234266763505588,
    "sep_dim1": 0.12414401976314325,
    "sep_dim2": 1.2803707206978947,
    "corr_dim1_LR": 0.3326836278561558,
    "corr_dim2_LR": -0.9696428724389885,
    "group_means": {
      "DEM": {
        "dim1": 0.363381526536945,
        "dim2": -0.049716525998338534,
        "n": 37
      },
      "DR": {
        "dim1": 0.28878520386648215,
        "dim2": -0.34928699706042543,
        "n": 47
      },
      "ECOS": {
        "dim1": -0.08944530377564644,
        "dim2": 0.7007127534374566,
        "n": 38
      },
      "EPR": {
        "dim1": 0.4961285632399861,
        "dim2": -0.09069195094319876,
        "n": 91
      },
      "GDR": {
        "dim1": -0.12781309100047214,
        "dim2": 0.504467224331105,
        "n": 17
      },
      "HOR": {
        "dim1": 0.377357657180023,
        "dim2": -0.1498385350205096,
        "n": 34
      },
      "LFI-NFP": {
        "dim1": -0.3198696071584616,
        "dim2": 0.7715039181582894,
        "n": 71
      },
      "LIOT": {
        "dim1": 0.20065934924163206,
        "dim2": 0.027132851862426432,
        "n": 23
      },
      "NI": {
        "dim1": 0.17097747188381396,
        "dim2": -0.23514558648061482,
        "n": 10
      },
      "RN": {
        "dim1": -0.09489063535188469,
        "dim2": -0.7212064053756448,
        "n": 122
      },
      "SOC": {
        "dim1": 0.1063566822875989,
        "dim2": 0.5509902789690069,
        "n": 68
      },
      "UDDPLR": {
        "dim1": 0.05366821176356238,
        "dim2": -0.6796289107961911,
        "n": 17
      }
    },
    "majority": [
      "EPR",
      "DEM",
      "HOR"
    ],
    "n_majority": 162,
    "majority_mean_dim1": 0.4408825684001635,
    "majority_mean_dim2": -0.0937468468423885,
    "opposition_mean_dim1": -0.0335644171261633,
    "opposition_mean_dim2": 0.030059152344950473,
    "sep_majority_dim1": 0.4744469855263268,
    "sep_majority_dim2": 0.12380599918733898
  },
  "after": {
    "n_left": 194,
    "n_right": 186,
    "left_mean_dim1": -0.656944044347336,
    "right_mean_dim1": 0.6234266763505588,
    "left_mean_dim2": -0.10850634950091051,
    "right_mean_dim2": 0.015637670262232742,
    "sep_dim1": 1.2803707206978947,
    "sep_dim2": 0.12414401976314325,
    "corr_dim1_LR": 0.9696428724389885,
    "corr_dim2_LR": 0.3326836278561558,
    "group_means": {
      "DEM": {
        "dim1": 0.049716525998338534,
        "dim2": 0.363381526536945,
        "n": 37
      },
      "DR": {
        "dim1": 0.34928699706042543,
        "dim2": 0.28878520386648215,
        "n": 47
      },
      "ECOS": {
        "dim1": -0.7007127534374566,
        "dim2": -0.08944530377564644,
        "n": 38
      },
      "EPR": {
        "dim1": 0.09069195094319876,
        "dim2": 0.4961285632399861,
        "n": 91
      },
      "GDR": {
        "dim1": -0.504467224331105,
        "dim2": -0.12781309100047214,
        "n": 17
      },
      "HOR": {
        "dim1": 0.1498385350205096,
        "dim2": 0.377357657180023,
        "n": 34
      },
      "LFI-NFP": {
        "dim1": -0.7715039181582894,
        "dim2": -0.3198696071584616,
        "n": 71
      },
      "LIOT": {
        "dim1": -0.027132851862426432,
        "dim2": 0.20065934924163206,
        "n": 23
      },
      "NI": {
        "dim1": 0.23514558648061482,
        "dim2": 0.17097747188381396,
        "n": 10
      },
      "RN": {
        "dim1": 0.7212064053756448,
        "dim2": -0.09489063535188469,
        "n": 122
      },
      "SOC": {
        "dim1": -0.5509902789690069,
        "dim2": 0.1063566822875989,
        "n": 68
      },
      "UDDPLR": {
        "dim1": 0.6796289107961911,
        "dim2": 0.05366821176356238,
        "n": 17
      }
    },
    "majority": [
      "EPR",
      "DEM",
      "HOR"
    ],
    "n_majority": 162,
    "majority_mean_dim1": 0.0937468468423885,
    "majority_mean_dim2": 0.4408825684001635,
    "opposition_mean_dim1": -0.030059152344950473,
    "opposition_mean_dim2": -0.0335644171261633,
    "sep_majority_dim1": 0.12380599918733898,
    "sep_majority_dim2": 0.4744469855263268
  },
  "legislature": "17",
  "source_file": "data/assemblee/outputs/l17/points_ideal_raw_pre_orient.csv",
  "radius": 0.9999999999999999
}