{
  "n_bridges": 17,
  "scale": 1.1404876312232668,
  "translation": [
    -0.15539140108094535,
    0.1624453996117059
  ],
  "rotation": [
    [
      0.8159690205049178,
      -0.5780956301307293
    ],
    [
      0.5780956301307292,
      0.8159690205049177
    ]
  ],
  "rmse": 0.2650683936557803,
  "corr_dim1": 0.8936380751494136,
  "corr_dim2": -0.025133830926584697,
  "singular_values": [
    4.691566103286721,
    0.0370998891565699
  ],
  "loo_rmse": 0.2985640922693198,
  "legislature": "14",
  "coords": "raw",
  "method": "Similarity Procrustes (translation + isotropic scale + orthogonal rotation/reflection) mapping AN → Senate space using bridge MPs"
}