{
  "left_groups": [
    "FI",
    "GDR",
    "SOC",
    "NG",
    "EDS"
  ],
  "right_groups": [
    "LR",
    "UDI-AGIR",
    "UDI_AGIR",
    "UDI_I",
    "UDI",
    "AGIR-E",
    "LC"
  ],
  "majority_groups": [
    "LAREM",
    "MODEM",
    "DEM"
  ],
  "swapped": true,
  "flipped_dim1": true,
  "flipped_dim2": false,
  "sep_dim1_before": 0.25338615374141144,
  "sep_dim2_before": 0.4355505983633128,
  "corr_dim1_LR_before": 0.4825318489265145,
  "corr_dim2_LR_before": -0.899321673725067,
  "corr_dim1_LR_after": 0.899321673725067,
  "corr_dim2_LR_after": 0.4825318489265145,
  "before": {
    "n_left": 71,
    "n_right": 154,
    "left_mean_dim1": -0.5493469589578135,
    "right_mean_dim1": -0.29596080521640206,
    "left_mean_dim2": 0.1837532958228715,
    "right_mean_dim2": -0.25179730254044125,
    "sep_dim1": 0.25338615374141144,
    "sep_dim2": 0.4355505983633128,
    "corr_dim1_LR": 0.4825318489265145,
    "corr_dim2_LR": -0.899321673725067,
    "group_means": {
      "AGIR-E": {
        "dim1": 0.18058169746734734,
        "dim2": -0.09073086215270083,
        "n": 12
      },
      "DEM": {
        "dim1": 0.3468427171672124,
        "dim2": -0.07644385559175915,
        "n": 8
      },
      "FI": {
        "dim1": -0.7783791906953631,
        "dim2": 0.3039413310720193,
        "n": 17
      },
      "GDR": {
        "dim1": -0.6352762702649132,
        "dim2": 0.18743547323012488,
        "n": 17
      },
      "LAREM": {
        "dim1": 0.4733814855692043,
        "dim2": -0.03018095026229983,
        "n": 332
      },
      "LR": {
        "dim1": -0.3958681437182549,
        "dim2": -0.29552072456365436,
        "n": 119
      },
      "LT": {
        "dim1": -0.15700393919134464,
        "dim2": 0.003775874778434059,
        "n": 17
      },
      "MODEM": {
        "dim1": 0.304531809982909,
        "dim2": -0.06252495677078461,
        "n": 44
      },
      "NG": {
        "dim1": -0.3503659963551328,
        "dim2": 0.0882563730471898,
        "n": 3
      },
      "NI": {
        "dim1": -0.44657262397218395,
        "dim2": -0.10927242546066714,
        "n": 14
      },
      "SOC": {
        "dim1": -0.40942333119454916,
        "dim2": 0.1302443885631133,
        "n": 34
      },
      "UDI-AGIR": {
        "dim1": 0.03222752678111502,
        "dim2": -0.09621122747023005,
        "n": 11
      },
      "UDI_I": {
        "dim1": -0.082594838754502,
        "dim2": -0.12189371001234461,
        "n": 12
      }
    },
    "majority": [
      "LAREM",
      "MODEM",
      "DEM"
    ],
    "n_majority": 384,
    "majority_mean_dim1": 0.4513979025665664,
    "majority_mean_dim2": -0.034850844869094115,
    "opposition_mean_dim1": -0.360539938246213,
    "opposition_mean_dim2": -0.10605830874615992,
    "sep_majority_dim1": 0.8119378408127794,
    "sep_majority_dim2": 0.07120746387706581
  },
  "after": {
    "n_left": 71,
    "n_right": 154,
    "left_mean_dim1": -0.1837532958228715,
    "right_mean_dim1": 0.25179730254044125,
    "left_mean_dim2": -0.5493469589578135,
    "right_mean_dim2": -0.29596080521640206,
    "sep_dim1": 0.4355505983633128,
    "sep_dim2": 0.25338615374141144,
    "corr_dim1_LR": 0.899321673725067,
    "corr_dim2_LR": 0.4825318489265145,
    "group_means": {
      "AGIR-E": {
        "dim1": 0.09073086215270083,
        "dim2": 0.18058169746734734,
        "n": 12
      },
      "DEM": {
        "dim1": 0.07644385559175915,
        "dim2": 0.3468427171672124,
        "n": 8
      },
      "FI": {
        "dim1": -0.3039413310720193,
        "dim2": -0.7783791906953631,
        "n": 17
      },
      "GDR": {
        "dim1": -0.18743547323012488,
        "dim2": -0.6352762702649132,
        "n": 17
      },
      "LAREM": {
        "dim1": 0.03018095026229983,
        "dim2": 0.4733814855692043,
        "n": 332
      },
      "LR": {
        "dim1": 0.29552072456365436,
        "dim2": -0.3958681437182549,
        "n": 119
      },
      "LT": {
        "dim1": -0.003775874778434059,
        "dim2": -0.15700393919134464,
        "n": 17
      },
      "MODEM": {
        "dim1": 0.06252495677078461,
        "dim2": 0.304531809982909,
        "n": 44
      },
      "NG": {
        "dim1": -0.0882563730471898,
        "dim2": -0.3503659963551328,
        "n": 3
      },
      "NI": {
        "dim1": 0.10927242546066714,
        "dim2": -0.44657262397218395,
        "n": 14
      },
      "SOC": {
        "dim1": -0.1302443885631133,
        "dim2": -0.40942333119454916,
        "n": 34
      },
      "UDI-AGIR": {
        "dim1": 0.09621122747023005,
        "dim2": 0.03222752678111502,
        "n": 11
      },
      "UDI_I": {
        "dim1": 0.12189371001234461,
        "dim2": -0.082594838754502,
        "n": 12
      }
    },
    "majority": [
      "LAREM",
      "MODEM",
      "DEM"
    ],
    "n_majority": 384,
    "majority_mean_dim1": 0.034850844869094115,
    "majority_mean_dim2": 0.4513979025665664,
    "opposition_mean_dim1": 0.10605830874615992,
    "opposition_mean_dim2": -0.360539938246213,
    "sep_majority_dim1": 0.07120746387706581,
    "sep_majority_dim2": 0.8119378408127794
  },
  "legislature": "15",
  "source_file": "data/assemblee/outputs/l15/points_ideal_raw_pre_orient.csv",
  "radius": 1.0
}