{
  "left_groups": [
    "SRC",
    "SER",
    "RRDP",
    "ECOLO",
    "GDR"
  ],
  "right_groups": [
    "UMP",
    "LES-REP",
    "Les Républicains",
    "LR",
    "UDI"
  ],
  "majority_groups": [
    "SRC",
    "SER"
  ],
  "swapped": false,
  "flipped_dim1": false,
  "flipped_dim2": true,
  "sep_dim1_before": 0.7562835160563218,
  "sep_dim2_before": 0.4489292084435479,
  "corr_dim1_LR_before": 0.9172286739209975,
  "corr_dim2_LR_before": 0.7228674227532591,
  "corr_dim1_LR_after": 0.9172286739209975,
  "corr_dim2_LR_after": -0.7228674227532591,
  "before": {
    "n_left": 375,
    "n_right": 238,
    "left_mean_dim1": -0.33311668016623824,
    "right_mean_dim1": 0.4231668358900836,
    "left_mean_dim2": -0.24282007635550956,
    "right_mean_dim2": 0.20610913208803835,
    "sep_dim1": 0.7562835160563218,
    "sep_dim2": 0.4489292084435479,
    "corr_dim1_LR": 0.9172286739209975,
    "corr_dim2_LR": 0.7228674227532591,
    "group_means": {
      "ECOLO": {
        "dim1": -0.48064959884772634,
        "dim2": 0.21415526318897182,
        "n": 18
      },
      "GDR": {
        "dim1": -0.24074865900369247,
        "dim2": 0.4180026560573733,
        "n": 15
      },
      "LES-REP": {
        "dim1": 0.5190423338945253,
        "dim2": 0.17612056118369906,
        "n": 7
      },
      "RRDP": {
        "dim1": -0.11236614906604454,
        "dim2": -0.1129570190178985,
        "n": 19
      },
      "SER": {
        "dim1": -0.34210087207173556,
        "dim2": -0.25121331798795354,
        "n": 7
      },
      "SRC": {
        "dim1": -0.3421714223457844,
        "dim2": -0.30784078045671653,
        "n": 316
      },
      "UDI": {
        "dim1": 0.16292705168217925,
        "dim2": 0.11748772137202154,
        "n": 32
      },
      "UMP": {
        "dim1": 0.46164193442587176,
        "dim2": 0.22141468555157065,
        "n": 199
      }
    },
    "majority": [
      "SRC",
      "SER"
    ],
    "n_majority": 323,
    "majority_mean_dim1": -0.3421698933924769,
    "majority_mean_dim2": -0.3066135599078579,
    "opposition_mean_dim1": 0.29764078429403645,
    "opposition_mean_dim2": 0.19666422294439712,
    "sep_majority_dim1": 0.6398106776865133,
    "sep_majority_dim2": 0.503277782852255
  },
  "after": {
    "n_left": 375,
    "n_right": 238,
    "left_mean_dim1": -0.33311668016623824,
    "right_mean_dim1": 0.4231668358900836,
    "left_mean_dim2": 0.24282007635550956,
    "right_mean_dim2": -0.20610913208803835,
    "sep_dim1": 0.7562835160563218,
    "sep_dim2": 0.4489292084435479,
    "corr_dim1_LR": 0.9172286739209975,
    "corr_dim2_LR": -0.7228674227532591,
    "group_means": {
      "ECOLO": {
        "dim1": -0.48064959884772634,
        "dim2": -0.21415526318897182,
        "n": 18
      },
      "GDR": {
        "dim1": -0.24074865900369247,
        "dim2": -0.4180026560573733,
        "n": 15
      },
      "LES-REP": {
        "dim1": 0.5190423338945253,
        "dim2": -0.17612056118369906,
        "n": 7
      },
      "RRDP": {
        "dim1": -0.11236614906604454,
        "dim2": 0.1129570190178985,
        "n": 19
      },
      "SER": {
        "dim1": -0.34210087207173556,
        "dim2": 0.25121331798795354,
        "n": 7
      },
      "SRC": {
        "dim1": -0.3421714223457844,
        "dim2": 0.30784078045671653,
        "n": 316
      },
      "UDI": {
        "dim1": 0.16292705168217925,
        "dim2": -0.11748772137202154,
        "n": 32
      },
      "UMP": {
        "dim1": 0.46164193442587176,
        "dim2": -0.22141468555157065,
        "n": 199
      }
    },
    "majority": [
      "SRC",
      "SER"
    ],
    "n_majority": 323,
    "majority_mean_dim1": -0.3421698933924769,
    "majority_mean_dim2": 0.3066135599078579,
    "opposition_mean_dim1": 0.29764078429403645,
    "opposition_mean_dim2": -0.19666422294439712,
    "sep_majority_dim1": 0.6398106776865133,
    "sep_majority_dim2": 0.503277782852255
  },
  "legislature": "14",
  "source_file": "data/assemblee/outputs/l14/points_ideal_raw_pre_orient.csv",
  "radius": 1.0
}